<configuration>
    <appender name="STDOUT" class="ch.qos.logback.core.ConsoleAppender">
        <encoder class="ch.qos.logback.classic.encoder.PatternLayoutEncoder">
            <pattern>
                %date [%thread] [%-5level] %logger{40} - %message%n
            </pattern>
        </encoder>
    </appender>

    <logger name="com.codecool.springbootproject" level="DEBUG"/>
    <logger name="org.springframework" level="DEBUG"/>

    <root level="INFO">
        <appender-ref ref="STDOUT"/>
    </root>
</configuration>
